{
  "$schema": "https://schema.management.azure.com/schemas/2015-01-01/deploymentTemplate.json#",
  "contentVersion": "1.0.0.0",
  "parameters": {
    "appName": {
      "type": "string",
      "metadata": {
        "description": "The name of the function app that you wish to create."
      }
    },
    "storageaccountName": {
      "type": "string",
      "metadata": {
        "description": "The name of the storage account"
      }
    },
    "storageaccountId": {
      "type": "string",
      "metadata": {
        "description": "The id of the storage account"
      }
    },
    "serviceplanName": {
      "type": "string",
      "metadata": {
        "description": "The name of the service plan"
      }
    },
    "serviceplanId": {
      "type": "string",
      "metadata": {
        "description": "The Id of the service plan"
      }
    },
    "appServicePlanType": {
      "type": "string",
      "defaultValue": "Consumption",
      "allowedValues": ["ServicePlan", "Consumption"],
      "metadata": {
        "description": "The ServicePlan option creates an App Service Plan and is billed according to that plan. The Consumption option bills according to https://azure.microsoft.com/en-gb/pricing/details/functions/."
      }
    },
    "appServicePlanTier": {
      "type": "string",
      "allowedValues": [
        "Free",
        "Shared",
        "Basic",
        "Standard",
        "Premium",
        "PremiumV2",
        "Isolated"
      ],
      "defaultValue": "Standard"
    },
    "appServicePlanName": {
      "type": "string",
      "defaultValue": "S1"
    },
    "appServicePlanCapacity": {
      "type": "int",
      "defaultValue": 2
    },
    "appInsightsLocation": {
      "type": "string",
      "defaultValue": "UK South",
      "allowedValues": [
        "Australia East",
        "Canada Central",
        "Central India",
        "East US",
        "France Central",
        "Japan East",
        "Korea Central",
        "North Europe",
        "South Central US",
        "Southeast Asia",
        "UK South",
        "UK West",
        "West Europe",
        "West US 2"
      ]
    },
    "appInsightsName": {
      "type": "string",
      "defaultValue": "appInsightsInstance"
    },
    "githubRepoURL": {
      "type": "string",
      "defaultValue": "https://github.com/microsoft/AzureFunctionForSplunkVS.git"
    },
    "githubRepoBranch": {
      "type": "string",
      "defaultValue": "master"
    },
    "eventHubConnectionString": {
      "type": "string",
      "defaultValue": "Endpoint=sb://YOURNAMESPACE.servicebus.windows.net/;SharedAccessKeyName=YOURPOLICYNAME;SharedAccessKey=YOURPOLICYKEY"
    },
    "inputHubNameActivityLogs": {
      "type": "string",
      "defaultValue": "insights-operational-logs"
    },
    "consumerGroupNameActivityLog": {
      "type": "string",
      "defaultValue": "$default"
    },
    "inputHubNameDiagnosticLogs": {
      "type": "string",
      "defaultValue": "insights-logs-diagnostics"
    },
    "consumerGroupNameDiagnosticLogs": {
      "type": "string",
      "defaultValue": "$default"
    },
    "inputHubNameMetrics": {
      "type": "string",
      "defaultValue": "insights-metrics-pt1m"
    },
    "consumerGroupNameMetrics": {
      "type": "string",
      "defaultValue": "$default"
    },
    "inputHubNameWAD": {
      "type": "string",
      "defaultValue": "insights-telemetry-wad"
    },
    "consumerGroupNameWAD": {
      "type": "string",
      "defaultValue": "$default"
    },
    "inputHubNameLAD": {
      "type": "string",
      "defaultValue": "insights-telemetry-lad"
    },
    "consumerGroupNameLAD": {
      "type": "string",
      "defaultValue": "$default"
    },
    "inputHubNameFaults": {
      "type": "string",
      "defaultValue": "transmission-faults"
    },
    "splunkToken": {
      "type": "string"
    },
    "splunkAddress": {
      "type": "string"
    },
    "splunkCertThumbprint": {
      "type": "string",
      "defaultValue": ""
    },
    "outputBinding": {
      "type": "string",
      "defaultValue": "hec",
      "metadata": {
        "description": "values are hec, proxy, eventhub"
      }
    },
    "outputHubConnection": {
      "type": "string",
      "defaultValue": "Endpoint=sb://YOURNAMESPACE.servicebus.windows.net/;SharedAccessKeyName=YOURPOLICYNAME;SharedAccessKey=YOURPOLICYKEY",
      "metadata": {
        "description": "Only used with outputBinding = eventhub, but must be a valid connection string."
      }
    },
    "output-hub-name-proxy": {
      "type": "string",
      "defaultValue": "collector-to-proxy"
    }
  },
  "variables": {
    "alwaysOnAvail0": "[equals(parameters('appServicePlanType'),'ServicePlan')]",
    "alwaysOnAvail1": "[equals(parameters('appServicePlanTier'),'Standard')]",
    "alwaysOnAvail2": "[equals(parameters('appServicePlanTier'),'Basic')]",
    "alwaysOnAvail3": "[equals(parameters('appServicePlanTier'),'Premium')]",
    "alwaysOnAvail4": "[equals(parameters('appServicePlanTier'),'Isolated')]",
    "alwaysOnAvaila": "[or(variables('alwaysOnAvail1'), variables('alwaysOnAvail2'))]",
    "alwaysOnAvailb": "[or(variables('alwaysOnAvail3'), variables('alwaysOnAvail4'))]",
    "alwaysOnAvailc": "[or(variables('alwaysOnAvaila'), variables('alwaysOnAvailb'))]",
    "alwaysOnAvailable": "[and(variables('alwaysOnAvail0'), variables('alwaysOnAvailc'))]",
    "functionAppName": "[parameters('appName')]"
  },
  "resources": [
    {
      "name": "[parameters('appInsightsName')]",
      "type": "Microsoft.Insights/components",
      "apiVersion": "2015-05-01",
      "location": "[parameters('appInsightsLocation')]",
      "kind": "web",
      "properties": {
        "Application_Type": "web",
        "Flow_Type": "Bluefield",
        "Request_Source": "rest"
      }
    },
    {
      "apiVersion": "2018-11-01",
      "type": "Microsoft.Web/sites",
      "name": "[variables('functionAppName')]",
      "location": "[resourceGroup().location]",
      "kind": "functionapp",
      "identity": {
        "type": "SystemAssigned"
      },
      "dependsOn": [
        "[resourceId('Microsoft.Insights/components', parameters('appInsightsName'))]"
      ],
      "properties": {
        "serverFarmId": "[parameters('serviceplanId')]",
        "httpsOnly": true,
        "siteConfig": {
          "alwaysOn": "[variables('alwaysOnAvailable')]",
          "appSettings": [
            {
              "name": "AzureWebJobsStorage",
              "value": "[concat('DefaultEndpointsProtocol=https;AccountName=', parameters('storageaccountName'), ';AccountKey=', listKeys(parameters('storageaccountId'),'2015-05-01-preview').key1)]"
            },
            {
              "name": "[if(equals(parameters('appServicePlanType'), 'Consumption'), 'WEBSITE_CONTENTAZUREFILECONNECTIONSTRING', 'WEBSITE_CONTENTAZUREFILECONNECTIONSTRING')]",
              "value": "[concat('DefaultEndpointsProtocol=https;AccountName=', parameters('storageaccountName'), ';AccountKey=', listKeys(parameters('storageaccountId'),'2015-05-01-preview').key1)]"
            },
            {
              "name": "[if(equals(parameters('appServicePlanType'), 'Consumption'), 'WEBSITE_CONTENTSHARE', 'WEBSITE_CONTENTSHARE')]",
              "value": "[toLower(variables('functionAppName'))]"
            },
            {
              "name": "FUNCTIONS_EXTENSION_VERSION",
              "value": "~2"
            },
            {
              "name": "FUNCTIONS_WORKER_RUNTIME",
              "value": "dotnet"
            },
            {
              "name": "WEBSITE_NODE_DEFAULT_VERSION",
              "value": "6.5.0"
            },
            {
              "name": "APPINSIGHTS_INSTRUMENTATIONKEY",
              "value": "[reference(resourceId('Microsoft.Insights/components', parameters('appInsightsName')), '2015-05-01').InstrumentationKey]"
            },
            {
              "name": "hubConnection",
              "value": "[parameters('eventHubConnectionString')]"
            },
            {
              "name": "input-hub-name-activity-log",
              "value": "[parameters('inputHubNameActivityLogs')]"
            },
            {
              "name": "consumer-group-activity-log",
              "value": "[parameters('consumerGroupNameActivityLog')]"
            },
            {
              "name": "input-hub-name-faults",
              "value": "[parameters('inputHubNameFaults')]"
            },
            {
              "name": "splunkToken",
              "value": "[parameters('splunkToken')]"
            },
            {
              "name": "splunkAddress",
              "value": "[parameters('splunkAddress')]"
            },
            {
              "name": "outputBinding",
              "value": "[parameters('outputBinding')]"
            },
            {
              "name": "splunkCertThumbprint",
              "value": "[parameters('splunkCertThumbprint')]"
            },
            {
              "name": "outputHubConnection",
              "value": "[parameters('outputHubConnection')]"
            },
            {
              "name": "output-hub-name-proxy",
              "value": "[parameters('output-hub-name-proxy')]"
            },
            {
              "name": "AzureWebJobs.EhDiagnosticLogsExt.Disabled",
              "value": "True"
            },
            {
              "name": "AzureWebJobs.EhLadTelemetryExt.Disabled",
              "value": "True"
            },
            {
              "name": "AzureWebJobs.EhMetricsExt.Disabled",
              "value": "True"
            },
            {
              "name": "AzureWebJobs.EhWadTelemetryExt.Disabled",
              "value": "True"
            }
          ]
        }
      }
    },
    {
      "apiVersion": "2018-11-01",
      "name": "[concat(variables('functionAppName'), '/web')]",
      "type": "Microsoft.Web/sites/sourcecontrols",
      "dependsOn": [
        "[resourceId('Microsoft.Web/Sites', variables('functionAppName'))]"
      ],
      "properties": {
        "RepoUrl": "[parameters('githubRepoURL')]",
        "branch": "[parameters('githubRepoBranch')]",
        "IsManualIntegration": true
      }
    },
    {
      "type": "Microsoft.Web/sites/config",
      "apiVersion": "2018-11-01",
      "name": "[concat(variables('functionAppName'), '/web')]",
      "location": "[resourceGroup().location]",
      "dependsOn": [
        "[resourceId('Microsoft.Web/Sites/sourcecontrols', variables('functionAppName'), 'web')]"
      ],
      "properties": {
        "numberOfWorkers": 1,
        "defaultDocuments": [
          "Default.htm",
          "Default.html",
          "Default.asp",
          "index.htm",
          "index.html",
          "iisstart.htm",
          "default.aspx",
          "index.php"
        ],
        "netFrameworkVersion": "v4.0",
        "phpVersion": "5.6",
        "requestTracingEnabled": false,
        "remoteDebuggingEnabled": false,
        "httpLoggingEnabled": false,
        "logsDirectorySizeLimit": 35,
        "detailedErrorLoggingEnabled": false,
        "publishingUsername": "$df731a84-a9bf-44c6-ade9-0a994056d754-cmosiemfunction",
        "scmType": "ExternalGit",
        "use32BitWorkerProcess": true,
        "webSocketsEnabled": false,
        "managedPipelineMode": "Integrated",
        "virtualApplications": [
          {
            "virtualPath": "/",
            "physicalPath": "site\\wwwroot",
            "preloadEnabled": true
          }
        ],
        "loadBalancing": "LeastRequests",
        "experiments": {
          "rampUpRules": []
        },
        "autoHealEnabled": false,
        "cors": {
          "allowedOrigins": [
            "https://functions.azure.com",
            "https://functions-staging.azure.com",
            "https://functions-next.azure.com"
          ],
          "supportCredentials": false
        },
        "scmIpSecurityRestrictionsUseMain": false,
        "http20Enabled": false,
        "minTlsVersion": "1.2",
        "ftpsState": "Disabled",
        "reservedInstanceCount": 0
      }
    },
    {
      "name": "[concat(variables('functionAppName'), '/authsettings')]",
      "type": "Microsoft.Web/sites/config",
      "apiVersion": "2018-11-01",
      "dependsOn": [
        "[resourceId('Microsoft.Web/Sites', variables('functionAppName'))]"
      ],
      "properties": {
        "enabled": true,
        "unauthenticatedClientAction": "RedirectToLoginPage",
        "tokenStoreEnabled": true,
        "allowedExternalRedirectUrls": null,
        "defaultProvider": "AzureActiveDirectory",
        "allowedAudiences": null,
        "isAadAutoProvisioned": false
      }
    }
  ]
}
